product_name,prod_orders
Banana,472565
Bag of Organic Bananas,379450
Organic Strawberries,264683
Organic Baby Spinach,241921
Organic Hass Avocado,213584
Organic Avocado,176815
Large Lemon,152657
Strawberries,142951
Limes,140627
Organic Whole Milk,137905
Organic Raspberries,137057
Organic Yellow Onion,113426
Organic Garlic,109778
Organic Zucchini,104823
Organic Blueberries,100060
Cucumber Kirby,97315
Organic Fuji Apple,89632
Organic Lemon,87746
Apple Honeycrisp Organic,85020
Organic Grape Tomatoes,84255
Seedless Red Grapes,82689
Organic Cucumber,80392
Honeycrisp Apple,79769
Organic Baby Carrots,76896
Organic Half & Half,76360
Sparkling Water Grapefruit,75886
Organic Large Extra Fancy Fuji Apple,75165
Yellow Onions,73167
Organic Gala Apples,72846
Organic Baby Arugula,72829
Carrots,72736
Fresh Cauliflower,71584
Original Hummus,71314
Organic Cilantro,69524
Half & Half,69217
Organic Small Bunch Celery,68091
Michigan Organic Kale,67449
Asparagus,67283
Organic Red Onion,66986
Organic Tomato Cluster,64289
Organic Blackberries,61746
100% Whole Wheat Bread,60816
Organic Italian Parsley Bunch,60621
Organic Whole String Cheese,59676
Organic Granny Smith Apple,58779
Organic Unsweetened Almond Milk,57895
Raspberries,57640
Organic Red Bell Pepper,57485
Spring Water,56087
Blueberries,55946
Green Bell Pepper,55484
Organic Peeled Whole Baby Carrots,55371
Red Peppers,55280
Red Vine Tomato,54409
Organic Ginger Root,52087
Organic Garnet Sweet Potato (Yam),51939
Boneless Skinless Chicken Breasts,50281
Extra Virgin Olive Oil,50255
Hass Avocados,50221
Organic Kiwi,50141
Unsweetened Almondmilk,49569
Small Hass Avocado,49021
Organic D'Anjou Pears,48915
Organic Reduced Fat 2% Milk,47839
Lime Sparkling Water,46546
Bunched Cilantro,45530
Grated Parmesan,45238
Organic Lacinato (Dinosaur) Kale,43067
Red Onion,43009
Sparkling Natural Mineral Water,42934
Organic Navel Orange,42721
Jalapeno Peppers,42561
Broccoli Crown,42044
Uncured Genoa Salami,41473
Large Alfresco Eggs,40376
Roma Tomato,40212
Organic Grade A Free Range Large Brown Eggs,40045
Clementines Bag,39825
Orange Bell Pepper,39188
Grape White/Green Seedless,38971
Organic Broccoli,38720
Organic Black Beans,38001
100% Raw Coconut Water,37973
Organic Bartlett Pear,37706
2% Reduced Fat Milk,37091
Garlic,36617
Shredded Parmesan,36365
Granny Smith Apples,36187
Organic Carrot Bunch,35820
Soda,35791
Unsalted Butter,35667
Organic Reduced Fat Milk,35663
Whole Milk,35633
Bartlett Pears,35413
Organic Romaine Lettuce,34874
Unsweetened Original Almond Breeze Almond Milk,34583
Organic Sticks Low Moisture Part Skim Mozzarella String Cheese,34209
Pure Irish Butter,33908
Organic Broccoli Florets,32887
Sparkling Lemon Water,32788
Organic Russet Potato,32534
Feta Cheese Crumbles,32351
Organic Large Brown Grade AA Cage Free Eggs,32105
Organic Baby Broccoli,31792
Organic Spring Mix,31768
Organic Whole Strawberries,31445
Whipped Cream Cheese,31192
Italian Sparkling Mineral Water,30937
Vanilla Almond Breeze Almond Milk,30935
Clementines,30843
Sharp Cheddar Cheese,30170
Organic Garbanzo Beans,30055
Frozen Organic Wild Blueberries,29905
Total 2% with Strawberry Lowfat Greek Strained Yogurt,29893
Fat Free Milk,29345
Russet Potato,29313
Organic Roma Tomato,29296
Organic Extra Firm Tofu,29124
Green Beans,29069
Pure Sparkling Water,28884
Organic Roasted Turkey Breast,28384
Organic Milk,27992
No Salt Added Black Beans,27924
100% Recycled Paper Towels,27864
Organic Coconut Milk,27255
Organic Red Radish Bunch,27226
Total 0% Nonfat Greek Yogurt,26878
Shredded Mild Cheddar Cheese,26777
Honey Nut Cheerios,26741
Ground Turkey Breast,26721
Organic Sour Cream,26691
Organic Basil,26668
Organic Fat Free Milk,26591
Green Onions,26536
Total Greek Strained Yogurt,26443
Unsweetened Vanilla Almond Milk,26307
Red Raspberries,26220
Total 0% Greek Yogurt,26154
Romaine Hearts,25974
Organic Large Grade AA Brown Eggs,25523
Yellow Bell Pepper,25459
Lightly Salted Baked Snap Pea Crisps,24950
Pineapple Chunks,24950
Original Orange Juice,24918
Organic Heavy Whipping Cream,24664
Watermelon Chunks,24534
Fresh Ginger Root,24130
Gala Apples,24086
Cantaloupe,23900
Organic Hothouse Cucumbers,23892
Organic Celery Hearts,23826
Organic Romaine,23642
Organic White Onions,23641
Organic Bell Pepper,23388
Organic 2% Reduced Fat Milk,23244
Baby Spinach,23129
Total 2% All Natural Greek Strained Yogurt with Honey,23034
Organic Bread with 21 Whole Grains,23006
Blackberries,22864
Boneless Skinless Chicken Breast,22590
Brussels Sprouts,22275
Shredded Mozzarella,21999
Organic Diced Tomatoes,21997
Organic Green Seedless Grapes,21745
Cherubs Heavenly Salad Tomatoes,21552
Sour Cream,21540
Organic Unsalted Butter,21509
Creamy Almond Butter,21490
Large Grapefruit,21451
Organic Bosc Pear,21431
Organic Spring Mix Salad,21416
Organic Green Cabbage,21352
Organic Yellow Peaches,21301
Peach Pear Flavored Sparkling Water,21233
Uncured Hickory Smoked Sunday Bacon,20775
Total 2% Lowfat Greek Strained Yogurt With Blueberry,20758
Electrolyte Enhanced Water,20735
Organic Raw Kombucha Gingerade,20707
Heavy Whipping Cream,20684
Organic Jalapeno Pepper,20262
Organic Frozen Peas,20228
Organic Yams,20217
Organic Shredded Carrots,20211
Milk Organic Vitamin D,20198
Organic Old Fashioned Rolled Oats,20140
Oven Roasted Turkey Breast,20069
Creamy Peanut Butter,20033
Marinara Sauce,19998
Total 2% Lowfat Greek Strained Yogurt with Peach,19908
Organic Butternut Squash,19847
Unsalted Pure Irish Butter,19846
Organic Mint,19745
Lemonade,19692
Organic Leek,19671
Organic Baby Rainbow Carrots,19639
YoKids Squeezers Organic Low-Fat Yogurt Strawberry,19611
Organic Thyme,19544
Natural Spring Water,19518
Sweet Onion,19501
Organic Egg Whites,19400
Original No Pulp 100% Florida Orange Juice,19345
Organic Large Green Asparagus,19286
Icelandic Style Skyr Blueberry Non-fat Yogurt,19257
Salted Butter,19163
White Corn,18906
Chicken & Maple Breakfast Sausage,18602
Organic Banana,18583
Organic Shredded Mozzarella,18449
European Cucumber,18413
Organic Mexican Blend Finely Shredded Cheese,18367
Organic Baby Kale,18358
Organic Broccoli Crowns,18341
Fridge Pack Cola,18269
Sustainably Soft Bath Tissue,18231
Pure Coconut Water,18183
Sparkling Mineral Water,18161
Vanilla Skyr Nonfat Yogurt,18142
Total 2% Greek Strained Yogurt with Cherry 5.3 oz,18044
Organic American Cheese Singles,18040
Organic Creamy Peanut Butter,18040
Guacamole,17960
Ezekiel 4:9 Bread Organic Sprouted Whole Grain,17789
Organic Low Sodium Chicken Broth,17716
Mango Chunks,17699
Organic Baby Spinach Salad,17672
Organic Tomato Paste,17629
Hass Avocado,17565
Organic Snipped Green Beans,17423
Macaroni & Cheese,17420
Sparkling Water Berry,17411
Shallot,17401
Roasted Turkey Breast,17332
Reduced Fat 2% Milk,17320
Globe Eggplant,17257
Organic Beef Hot Dogs,17140
Roasted Red Pepper Hummus,17038
Orange Juice,16987
Original Veggie Straws,16850
Spinach,16829
Organic Tomato Basil Pasta Sauce,16824
Air Chilled Organic Boneless Skinless Chicken Breasts,16816
Trilogy Kombucha Drink,16791
Total 2% All Natural Plain Greek Yogurt,16636
Sea Salt Pita Chips,16626
Asparation/Broccolini/Baby Broccoli,16535
Lemon Hummus,16439
Non Fat Raspberry Yogurt,16377
2% Reduced Fat Organic Milk,16356
Sourdough Bread,16318
Total 2% Lowfat Plain Greek Yogurt,16246
White Onion,16155
Organic AppleApple,16129
Organic Dill,15954
Organic Unsweetened Vanilla Almond Milk,15935
Distilled Water,15871
Pretzel Crisps Original Deli Style Pretzel Crackers,15831
Spaghetti,15813
Sinfully Sweet Campari Tomatoes,15774
XL Emerald White Seedless Grapes,15740
Organic Grade A Large Brown Eggs,15703
Basil Pesto,15638
Organic Whole Grassmilk Milk,15459
Frozen Broccoli Florets,15458
Raisin Bran Cereal,15415
Mini Original Babybel Cheese,15377
Vine Ripe Tomatoes,15367
Organic Ketchup,15304
Organic Turkey Bacon,15302
Large Yellow Flesh Nectarine,15301
Super Greens Salad,15298
Whole Milk Plain Yogurt,15267
Strawberry Preserves,15253
Organic Red Cabbage,15055
Organic Salted Butter,15035
Original Nooks & Crannies English Muffins,14973
Grapefruit Sparkling Water,14928
Corn Tortillas,14905
Organic Lowfat 1% Milk,14869
Sea Salt & Vinegar Potato Chips,14800
Original Pure Creamy Almond Milk,14712
Tilapia Filet,14707
Organic Rainbow Carrots,14687
Organic Medium Salsa,14678
Mild Salsa,14664
Total 2% All Natural Low Fat 2% Milkfat Greek Strained Yogurt,14621
Bing Cherries,14618
Natural Chicken & Sage Breakfast Sausage,14577
Super Spinach! Baby Spinach Baby Bok Choy Sweet Baby Kale,14572
Total 0% Nonfat Plain Greek Yogurt,14549
Organic Iceberg Lettuce,14476
Orange Sparkling Water,14439
Organic Bunch Beets,14433
Baby Cucumbers,14399
Organic Cheese Frozen Pizza,14313
Skim Milk,14289
Organic Brown Rice,14276
Organic Large Brown Eggs,14255
1% Lowfat Milk,14231
Berry Medley,14227
Chocolate Chip Cookies,14148
Sugar Snap Peas,14120
Organic Green Leaf Lettuce,14016
Seedless Small Watermelon,13996
Organic Large Grade A Brown Eggs,13881
Honeycrisp Apples,13880
Plain Greek Yogurt,13861
Diced Tomatoes,13852
Organic Red Delicious Apple,13833
Organic Tortilla Chips,13776
Organic Plain Whole Milk Yogurt,13732
Natural Artesian Water,13727
Gluten Free Whole Grain Bread,13715
Organic Whole Grain Wheat English Muffins,13692
Baked Aged White Cheddar Rice and Corn Puffs,13691
Organic Spaghetti Squash,13637
Organic Tomato Sauce,13597
Organic Extra Large Grade AA Brown Eggs,13587
Uncured Slow Cooked Ham,13571
Seedless Cucumbers,13571
Organic Whole Milk with DHA Omega-3,13528
Black Beans,13525
Water,13494
Goat Cheese Crumbles,13450
2% Reduced Fat DHA Omega-3 Reduced Fat Milk,13397
Flat Parsley Bunch,13378
Organic Bunny Fruit Snacks Berry Patch,13372
Packaged Grape Tomatoes,13355
Light Brown Sugar,13354
Organic Original Hommus,13340
Chocolate Ice Cream,13273
0% Greek Strained Yogurt,13238
Organic Extra Virgin Olive Oil,13216
Organic Nectarine,13101
Sea Salt Potato Chips,13086
Organic Blue Corn Tortilla Chips,13040
Tomato Ketchup,13039
Celery Hearts,13039
English Seedless Cucumber,13034
Organic Chicken & Apple Sausage,12992
Tomato Sauce,12906
Almonds & Sea Salt in Dark Chocolate,12905
Organic Free Range Chicken Broth,12849
Organic Cripps Pink Apples,12834
100 Calorie  Per Bag Popcorn,12822
Organic Whole Cashews,12816
Toasted Coconut Almondmilk Blend,12749
Organic Whole Kernel Sweet Corn No Salt Added,12738
Organic Milk Reduced Fat 2% Milkfat,12737
Potato Yukon Gold Organic,12709
Organic Good Seed Bread,12705
Iceberg Lettuce,12698
Organic Whipped Naturally Buttery Spread,12648
Apples,12575
Organic Summer Strawberry Bunny Fruit Snacks,12568
Ginger Ale,12536
Organic Romaine Hearts,12495
Organic Cauliflower,12492
Whole Almonds,12474
Grade A Large White Eggs,12441
Green Seedless Grapes,12437
Organic Thompson Seedless Raisins,12430
Cage Free Brown Eggs-Large Grade A,12424
Organic Sunday Bacon,12391
I Heart Baby Kale,12361
Sparkling Water,12321
Italian Extra Virgin Olive Oil,12318
Crackers Cheddar Bunnies Snack Packs,12315
Organic Beef Uncured Hot Dogs,12230
Classic Hummus,12196
Colby Cheese Sticks,12191
Cereal,12184
YoKids Blueberry & Strawberry/Vanilla Yogurt,12179
Total 0% Raspberry Yogurt,12153
Kale Greens,12141
Organic Butterhead (Boston Butter Bibb) Lettuce,12137
85% Lean Ground Beef,12123
Yogurt Strained Low-Fat Coconut,12123
Organic 1% Low Fat Milk,12121
Vanilla Ice Cream,12117
Cinnamon Rolls with Icing,12102
Trail Mix,12068
Organic Roasted Sliced Chicken Breast,12056
Original Hot Sauce,12048
Cream Cheese Spread,11975
Hint Of Sea Salt Almond Nut Thins,11945
Organic Fresh Basil,11930
Organic Chopped Spinach,11925
Natural Premium Coconut Water,11908
Crushed Tomatoes,11872
Organic Spinach Bunch,11843
Kids Organic Chocolate Chip ZBars,11798
Organic Uncured Sliced Black Forest Ham,11747
Organic 21 Grain Thin Sliced Bread,11736
Organic Honey Sweet Whole Wheat Bread,11705
Organic Vegetable Broth,11703
Oven Roasted Turkey,11684
Organic Apple Juice,11666
Large Brown Eggs,11655
Organic Vanilla Almond Milk,11621
Organic Strawberry Smoothie,11610
Cola,11585
Organic Small Curd Cottage Cheese,11570
Organic Plain Greek Whole Milk Yogurt,11552
Smartwater,11504
Organic Red On the Vine Tomato,11466
Vanilla Pure Almond Milk,11455
Rainbow Bell Peppers,11451
Organic Romaine Leaf,11431
Roasted Pine Nut Hummus,11381
Sweet Kale Salad Mix,11362
Mild Cheddar Cheese Sticks,11339
Organic Chicken Broth,11297
Tomato Paste,11279
Organic Dark Chocolate Peanut Butter Cups,11264
Green Peas,11253
Organic Strawberry Fruit Spread,11238
Mandarin Oranges,11238
Blackberry Cucumber Sparkling Water,11237
Total 0% with Honey Nonfat Greek Strained Yogurt,11234
Organic Yellow Squash,11223
Original Whipped Cream Cheese,11179
Pita Chips Simply Naked,11178
Organic Whole Wheat Bread,11165
Natural Artisan Water,11110
Organic Chicken Strips,11110
Organic Dijon Mustard,11103
Green Tea With Ginseng and Honey,11079
Marinara Pasta Sauce,11066
Salted Tub of Butter,11053
Organic Red Chard Greens,11029
Purified Water,10998
Original Semisoft Cheese,10990
Aged White Cheddar Baked Rice & Corn Puffs Gluten Free Lunch Packs,10978
Vanilla Unsweetened Almond Milk,10972
Almond Breeze Original Almond Milk,10950
Organic Macaroni Shells & Real Aged Cheddar,10907
Baby Arugula,10893
Kiwi,10872
Organic Pinto Beans,10829
Sliced Black Olives,10816
Aluminum Foil,10774
Coke Classic,10772
Organic Baby Kale Mix,10725
Organic Multigrain Waffles,10704
Gluten Free Dark Chocolate Chunk Chewy with a Crunch Granola Bars,10701
Organic Whipping Cream,10687
Nonfat Icelandic Style Strawberry Yogurt,10663
Organic Cream Cheese Bar,10653
Medium Cheddar Cheese Block,10652
Firm Tofu,10652
Real Mayonnaise,10630
Alpine Spring Water,10603
Organic Frozen Mango Chunks,10584
Lime,10576
Cheddar Bunnies Snack Crackers,10557
Boneless Skinless Chicken Thighs,10550
Walnut Halves & Pieces,10531
Mozzarella String Cheese,10521
Organic Chicken Stock,10521
Organic Orange Bell Pepper,10518
Whole Wheat Bread,10512
Pure & Natural Sour Cream,10483
Naturals Chicken Nuggets,10462
Collard Greens,10455
Whole Milk Ricotta Cheese,10434
Organic Boneless Skinless Chicken Breast,10424
Blood Oranges,10421
Red Potatoes,10415
Large Greenhouse Tomato,10405
Organic Rosemary,10390
Orange Calcium & Vitamin D Pulp Free,10390
Organic Italian Salad,10388
Thin Crust Pepperoni Pizza,10386
Authentic French Brioche Hamburger Buns,10379
Organic Low Sodium Vegetable Broth,10375
Cran Raspberry Sparkling Water,10365
Organic Medjool Dates,10360
Mint,10347
Bunny-Luv Fresh Organic Carrots,10347
Organic Sea Salt Roasted Seaweed Snacks,10345
Vitamin D Organic Whole Milk,10329
Organic No Salt Added Diced Tomatoes,10303
Romaine Lettuce,10281
Plain Bagels,10274
Fresh CA Grown Eggs,10260
Roasted Turkey,10195
Dried Mango,10150
Dha Omega 3 Reduced Fat 2% Milk,10148
Reduced Fat Milk 100% Lactose Free,10130
Fresh Mozzarella Ball,10101
Organic Original Almond Milk,10060
Chopped Walnuts,10027
Raspberry Preserves,9989
Strawberry Rhubarb Yoghurt,9961
Medium Navel Orange,9959
Mixed Fruit Fruit Snacks,9955
Boomchickapop Sea Salt Popcorn,9938
Organic Golden Delicious Apple,9929
Organic Sliced Peaches,9922
Cage Free Large White Eggs,9917
Organic Quick Oats,9893
Baby Seedless Cucumbers,9881
Organic Mixed Vegetables,9877
Organic  Whole Milk,9842
Fat Free Strawberry Yogurt,9813
Blueberry Yoghurt,9788
Canola Oil,9783
Smoked Turkey Breast Slices,9746
Pulp Free Orange Juice,9733
Organic Braeburn Apple,9720
Apple Cider Vinegar,9710
Extra Fancy Unsalted Mixed Nuts,9709
Organic Extra Large Brown Eggs,9564
ALMONDBREEZE UNSWEETENED,9541
Reduced Fat Milk,9514
Lemon Sparkling Water,9496
Unrefined Virgin Coconut Oil,9490
Butternut Squash,9458
Organic Vanilla Extract,9450
Honey Yoghurt,9427
Organic Greek Whole Milk Blended Vanilla Bean Yogurt,9417
Original Popcorn,9410
Organic Orange Juice,9403
Bicolor Sweet Corn,9399
Organic Mango,9382
Organic Red Potato,9381
Organic Unbleached All-Purpose Flour,9292
Organic Red Grapes,9284
Gluten Free Chocolate Chip Cookies,9279
Black Plum,9270
Supergreens!,9240
Red Seedless Grapes,9182
Natural Free & Clear Dish Liquid,9175
Kiwi Sandia Sparkling Water,9148
Fat Free Skim Milk,9130
Organic Distilled White Vinegar,9113
Whole Organic Omega 3 Milk,9108
Penne Rigate,9097
Panko Bread Crumbs,9008
Vitamin D Whole Milk,8996
Taco Seasoning,8992
French Vanilla Creamer,8987
Curate Cherry Lime Sparkling Water,8974
Cold Brew Coffee,8971
Organic Simply Naked Pita Chips,8957
Lemon Yogurt,8941
Organic Large Grade AA Omega-3 Eggs,8921
Vanilla Skyr Style Yogurt,8910
Synergy Organic Kombucha Gingerberry,8910
Plain Pre-Sliced Bagels,8900
Eggo Homestyle Waffles,8880
Organic Lemonade,8869
Red Plums,8869
White Peach,8856
Coconut Water,8848
Apple Cinnamon GoGo Squeez,8839
No Pulp Calcium & Vitamin D Pure Orange Juice,8825
Whole Strawberries,8822
Organic Mayonnaise,8817
Baby Food Stage 2 Blueberry Pear & Purple Carrot,8793
Almond Nut & Rice Cracker Snacks,8775
Red Leaf Lettuce,8754
Parsley Italian (Flat) New England Grown,8736
Milk Vitamin D,8732
Low Fat 1% Milk,8731
Crunchy Oats 'n Honey Granola Bars,8723
Grape Tomatoes,8698
Gold Potato,8677
Non Fat Acai & Mixed Berries Yogurt,8662
Organic Homestyle Waffles,8653
YoBaby Peach Pear Yogurt,8641
1% Low Fat Milk,8621
Organic Long Grain White Rice,8598
Dressing Jersey Sweet Onion Calorie Free,8579
Grade A Large Eggs Cage Free Omega 3,8568
Corn Chips,8566
Gluten Free 7 Grain Bread,8564
Chopped Spinach,8559
Zero Calorie Cola,8558
Organic Red Potatoes,8550
All Natural Marinara Sauce,8548
Air Chilled Breaded Chicken Breast Nuggets,8548
Cane Sugar,8519
Honey Greek Yogurt,8486
Cheese Pizza Snacks,8483
Organic Chicken Bone Broth,8479
100% Pure Pumpkin,8478
Organic Lactose Free Whole Milk,8477
Organic Low Fat Milk,8438
Chicken Breast Tenders Breaded,8436
Organic Sugar Snap Peas,8423
Organic Raw Unfiltered Apple Cider Vinegar,8408
Tommy/Kent/Keitt/Haden Mango,8400
Pesto Tortellini  Bowls,8391
Veggie Chips,8377
Traditional Plain Greek Yogurt,8371
Uncured Black Forest Ham,8370
Raspberry Yoghurt,8368
Organic Riced Cauliflower,8366
Sliced White Mushrooms,8361
Organic Lightly Salted Brown Rice Cakes,8357
Roasted & Salted Almonds,8347
Yobaby Organic Plain Yogurt,8337
Provolone,8337
Backyard Barbeque Potato Chips,8329
Original Rice Pilaf Mix,8329
Organic Shredded Mild Cheddar,8326
Crunchy Almond Butter,8324
Lowfat Vanilla Yogurt,8303
Honeydew Melon,8291
Red Mango,8259
Sauvignon Blanc,8246
Sweet Potatoes,8229
Emmentaler Swiss Slices,8215
Organic Wheat-Free & Gluten-Free Original Crackers,8213
Naturals Savory Turkey Breakfast Sausage,8212
Organic Blueberry Waffles,8202
Macaroni Shells & White Cheddar Cheese,8200
Garlic Hummus,8179
Traditional Hummus,8170
Organic Bagged Carrots,8165
Natural Classic Pork Breakfast Sausage,8162
Organic English Cucumber,8158
Spaghetti  No 12,8153
Crescent Rolls,8150
Organic Green Onions,8138
Organic Short Grain Brown Rice,8138
Chocolate Chip Cookie Dough Ice Cream,8137
Cauliflower Florets,8135
Organic Sliced White Mushrooms,8131
Apple Juice,8121
Bunny Pasta with Yummy Cheese Macaroni & Cheese,8103
Garlic & Fine Herbs Gournay Cheese,8082
Dark Chocolate Pretzels with Sea Salt,8080
Dairy Free Unsweetened Coconut Milk,8076
Organic Cinnamon Crunch Cereal,8073
Wild Berry Smoothie,8043
Spinach Peas & Pear Stage 2 Baby Food,8035
Yogurt Lowfat Strawberry,8030
Juice Beverage Cold Pressed Kale Apple Ginger Romaine Spinach Cucumber Celery Parsley Lemon,8025
Organic Lite Coconut Milk,8019
Uncured Pepperoni,8010
Squeeze Tomato Ketchup,7988
Oats & Honey Gluten Free Granola,7987
Organic Beans & Rice Cheddar Cheese Burrito,7979
Unsweetened Coconut Milk Beverage,7973
Spaghetti Pasta,7969
Pure Baking Soda,7952
Organic Stringles Mozzarella String Cheese,7924
ZBar Organic Chocolate Brownie Energy Snack,7923
Sweet Potato Tortilla Chips,7920
Organic Chicken Thighs,7917
Serrano Chile Peppers,7912
YoBaby Blueberry Apple Yogurt,7898
Organic Cannellini Beans,7890
Organic Cottage Cheese,7885
Sonoma Traditional Flour Tortillas 10 Count,7869
Vanilla Almond Breeze,7860
Organic Red Lentils,7836
Cheerios Cereal,7830
Raisins,7821
Organic Sliced Crimini Mushrooms,7812
Fancy Eggplant,7805
White Cheddar Popcorn,7788
Peach on the Bottom Nonfat Greek Yogurt,7783
Icelandic Style Fat Free Plain Yogurt,7771
Plain Mini Bagels,7761
Mini Cucumbers,7752
Dha Omega 3 Vitamin D Milk,7751
Original Real Vegetable Chips,7746
Everything Bagels,7723
Organic Muenster Cheese Slices,7709
Jalapeno Hummus,7707
Grated Parmesan Cheese,7696
Yukon Gold Potatoes 5lb Bag,7673
Pink Lady (Cripps) Apple,7668
Peanut Butter Chocolate Chip Fruit & Nut Food Bar,7642
Root Beer,7642
Premium Pure Cane Granulated Sugar,7640
Strawberry on the Bottom Nonfat Greek Yogurt,7639
93% Ground Beef,7630
Scoops! Tortilla Chips,7625
Organic Edamame,7595
Organic Lactose Free 1% Lowfat Milk,7569
Lowfat Small Curd Cottage Cheese,7562
Authentic French Brioche,7561
Mini Seedless Cucumbers,7559
Thick & Crispy Tortilla Chips,7559
Milk Reduced Fat 2% Milkfat,7558
Penne Pasta,7558
Organic Hot House Tomato,7548
Organic Penne Rigate,7545
Yellow Grape Tomatoes,7535
Club Soda,7528
Purity Farms Ghee Clarified Butter,7522
Passionfruit Sparkling Water,7518
Organic White Cheddar Popcorn,7517
Natural Sharp Cheddar Sliced Cheese,7508
Butter,7503
No Pulp Calcium & Vitamin D Pure Premium 100% Pure Orange Juice,7501
Basil,7498
Crispy Wheat Crackers,7494
Organic Mango Chunks,7477
Apple Pie Fruit & Nut Food Bar,7476
Light Semisoft Cheese,7472
Original Black Box Tablewater Cracker,7464
Shells & Real Aged Cheddar Macaroni & Cheese,7460
Cherrios Honey Nut,7452
Celery Sticks,7393
Goldfish Cheddar Baked Snack Crackers,7381
Organic Purple Kale,7374
Organic Mountain Forest Amber Honey,7358
Pineapple,7350
Multigrain Tortilla Chips,7340
Plain Whole Milk Yogurt,7338
Organic Free Range Low Sodium Chicken Broth,7336
Original Rotisserie Chicken,7335
Presliced Everything Bagels,7333
Organic YoKids Very Berry Smoothies,7329
Whole Grain Cheddar Baked Snack Crackers,7321
Mediterranean Mint Gelato,7319
Organic Smoked Turkey Breast,7314
Broccoli Florettes,7311
Organic Beef Broth,7306
Thin & Light Tortilla Chips,7302
Organic Green Lentils,7299
Organic Rainbow Chard Vegetable,7292
Organic YoKids Smoothie Strawberry Banana Lowfat Yogurt,7273
100% Recycled Bathroom Tissue,7264
Low Fat Vanilla Yogurt,7259
100% Lactose Free Fat Free Milk,7226
Mixed Berries Whole Milk Icelandic Style Skyr Yogurt,7223
Organic Creamy Tomato Soup,7212
Plantain Chips,7192
California Sourdough Bread,7177
Broccoli & Cheddar Bake Meal Bowl,7176
Fat Free Blueberry Yogurt,7170
Philadelphia Original Cream Cheese,7167
Organic Cut Green Beans,7144
Organic Baby Bella Mushrooms,7118
Shredded Sharp Cheddar Cheese,7117
Lactose Free 2% Reduced Fat Milk,7114
Cucumber & Garlic  Tzatziki,7112
Kidz All Natural Baked Chicken Nuggets,7093
Gluten Free SpongeBob Spinach Littles,7083
Seven Grain Crispy Tenders,7082
Organic Mini Sandwich Crackers Peanut Butter,7069
Super Soft Taco Flour Tortillas,7063
Curate Melon Pomelo Sparking Water,7050
Florida Orange Juice With Calcium & Vitamin D,7049
Organic Dark Sweet Cherries,7040
Sweet Onions,7024
Organic & Raw Strawberry Serenity Kombucha,7018
New Orleans Iced Coffee,7011
Cheese Pizza,7010
Enlightened Organic Raw Kombucha,7007
White Sliced Mushrooms,7004
Organic Crushed Fire Roasted Tomatoes,6999
Crackers Harvest Whole Wheat,6994
Arancita Rossa,6986
Cream Cheese,6975
Gourmet Tomato Medley,6961
Sweet Baguette,6953
Organic Whole Wheat Fusilli,6948
Organic Kale Greens,6942
100% Natural Spring Water,6938
Roasted Salted Cashews,6935
Applewood Smoked Bacon,6925
Shredded Hash Browns,6925
Gluten Free Blueberry Waffles,6922
Organic Greek Nonfat Yogurt With Mixed Berries,6891
Unsalted Cultured Butter,6890
Cola Soft Drink,6880
Flaky Biscuits,6877
Classic White Bread,6872
Saltine Crackers,6871
Cherry Pomegranate Greek Yogurt,6858
Organic Apple Slices,6842
Broccoli & Apple Stage 2 Baby Food,6837
Popcorn,6829
Organic Wheat Square Crackers,6814
Organic Greek Plain Nonfat Yogurt,6812
YoKids Squeeze! Organic Strawberry Flavor Yogurt,6807
Large Grade AA Eggs,6796
90% Lean Ground Beef,6784
Fusilli No. 34,6773
Penne Rigate #41 Pasta,6763
Liquid Egg Whites,6763
Organic Whole Crimini Mushrooms,6757
Hot Dog Buns,6742
YoKids Strawberry Banana/Strawberry Yogurt,6739
Garnet Sweet Potato (Yam),6735
Celery,6722
Mache Rosettes French Salad Mix,6720
Diet Coke,6720
Ranch Dressing,6719
Organic Green Beans,6704
Margherita Pizza,6700
Gluten Free Peanut Butter Dark Chocolate Chewy With a Crunch Granola Bars,6692
Organic Jasmine Rice,6676
Grilled Chicken Breast Strips,6673
Sea Salt Caramel Gelato,6671
Grilled Chicken Breast,6639
Mini Babybel Light Semisoft Edam Cheeses,6638
Gluten Free White Sandwich Bread,6607
Select-A-Size White Paper Towels,6592
Organic Raw Multigreen Kobmbucha,6584
Strawberry Rhubarb Yogurt,6575
White Corn Tortillas,6575
Boneless Skinless Chicken Breast Fillets,6572
Wheat Gluten Free Waffles,6562
Mozzarella Cheese,6558
Organic Cane Sugar,6550
Monterey Jack Cheese,6543
Ancient Grain Original Granola,6542
Peanut Butter Cereal,6536
Artichokes,6536
Special Reserve Extra Sharp Cheddar Cheese,6536
Whole Wheat English Muffins,6527
Poblano Pepper,6518
Organic Whole White Mushrooms,6515
Jalapeno Potato Chips,6515
Soft Pretzel Burger Buns,6513
White Sandwich Bread,6511
Grade AA Large White Eggs,6506
Organic Berry Blend,6500
Organic Chicken Noodle Soup,6499
Unsweetened Almond Milk,6486
Yellow Straightneck Squash,6481
Original Beef Jerky,6476
Organic Low Sodium Chicken Cooking Stock,6475
Lemon Verbena Dish Soap,6471
Classic Almond Butter,6470
Energy Drink,6461
Organic Chocolate Chip Chewy Granola Bars,6445
Salt & Pepper Krinkle Chips,6438
Organic Marinara Pasta Sauce,6436
Frozen Organic Blueberries,6423
Beef Franks,6409
Ice Cream Sandwiches Vanilla,6394
Ultra Soft Facial Tissues,6394
Grade A Large Brown Eggs,6388
Cinnamon Raisin Bread,6384
Organic Rolled Oats,6380
Blueberry on the Bottom Nonfat Greek Yogurt,6374
Dried Sweetened Cranberries,6371
Organic Shells And White Cheddar,6370
Apple Sauce,6367
Organic Yokids Lemonade/Blueberry Variety Pack Yogurt Squeezers Tubes,6359
Cage Free Grade A Large Brown Eggs,6351
Organic Tahini,6344
Bread Country Buttermilk,6337
Angel Hair Pasta,6328
Organic Strawana Probugs Kefir,6318
Blue Cheese Crumbles,6315
Free & Clear Unscented Baby Wipes,6315
Organic Greek Lowfat Yogurt With Strawberries,6311
Organic Spaghetti Pasta,6310
Sparkling Clementine Juice,6301
Garlic Powder,6299
Coconut Yoghurt,6292
Pomegranate,6287
Whole White Mushrooms,6285
Half And Half Cream,6281
Organic Whole Milk Strawberry Beet Berry Yogurt Pouch,6281
Peach,6274
Sweet Potato Yam,6262
Peeled Garlic,6259
Organic Sprouted English Muffin,6258
Canned Aranciata Orange,6257
Peanut Butter Creamy With Salt,6247
Original Restaurant Style Tortilla Chips,6243
Premium Unsweetened Iced Tea,6242
Salted Sweet Cream Butter,6240
Sour Cream & Onion Potato Chips,6220
Freshly Squeezed Orange Juice,6220
Tomatoes Whole Peeled,6213
Garlic Couscous,6204
Hazelnut Spread With Skim Milk & Cocoa,6202
Organic String Cheese,6196
Goo Berry Pie Probugs Kefir,6187
Mild Diced Green Chiles,6183
Diet Ginger Ale All Natural Soda,6168
Bok Choy,6165
Original Instant Oatmeal,6162
Americone Dream® Ice Cream,6155
Chardonnay,6153
Medium Salsa Roja,6141
Frozen Organic Strawberries,6141
Low Fat Strawberry Yogurt Tubes,6135
Whole Grain Oat Cereal,6132
Strawberry Ice Cream,6129
Cauliflower,6127
Yotoddler Organic Pear Spinach Mango Yogurt,6125
Vanilla Blueberry Clusters With Flax Seeds Granola,6122
Cabernet Sauvignon,6115
Tortillas Corn Organic,6100
Macaroni & Cheese Dinner Original Flavor,6081
Organic Nonfat Greek Yogurt With Peaches,6067
Four Cheese Thin Crust Pizza,6066
Synergy Organic & Raw Cosmic Cranberry,6065
Organic Yellow Mustard,6046
Cream Top Smooth & Creamy Vanilla Yogurt,6045
Bean & Cheese Burrito,6045
Tuna Salad,6044
Cold Brew Coffee Double Espresso with Almond Milk,6027
Large Burrito Flour Tortillas,6023
Sourdough Baguette,6019
Soft Pretzel Mini Buns,6005
Fresh Cut Golden Sweet Whole Kernel Corn,6002
Roasted Garlic Hummus,5979
Total 0% Blueberry Acai Greek Yogurt,5976
Butterhead Lettuce,5943
Goat Cheese Log,5942
Lavender Hand Soap,5941
Mineral Water,5936
Low Fat Plain Yogurt,5934
Tart Cherry Yoghurt,5934
Major Dickason's Blend Ground Coffee Dark Roast,5930
Half Baked® Ice Cream,5928
Hummus Hope Original Recipe,5925
Organic Broccoli Crown,5902
Organic Vanilla Bean Ice Cream,5892
Avocado Roll,5885
Organic Stoneground Wheat Crackers,5880
White Giant Paper Towel Rolls,5878
Naked Green Machine Boosted Juice Smoothie,5874
Classic Hummus Family Size,5873
Fresh Asparagus,5869
Ezekiel 4:9 Sprouted Grain Tortillas,5868
Four Cheese Pasta Sauce,5866
Cage Free  100% Liquid Egg Whites,5860
Russet Potatoes,5853
Honey Wheat Bread,5845
Beer,5844
Mild Italian Chicken Sausage,5813
Organic Genoa Salami,5797
100% Grated Parmesan Cheese,5795
Organic Air Chilled Whole Chicken,5784
Broccoli Florets,5778
Blueberry Muffin Bar,5751
Coke Zero,5746
Organic Super Fruit Punch Juice Drink,5743
Lacinato Kale Og,5740
Black Beans No Salt Added,5740
Boneless And Skinless Chicken Breast,5735
Chicken & Apple Breakfast Sausage,5730
Almond Milk Strawberry Yogurt,5719
Sweet Potato Fries with Sea Salt,5712
Bosc Pear,5711
Sparkling Natural Spring Water,5709
Fig Newmans Fruit Filled Cookies,5709
Red Grapefruit,5708
Cold-Brew Black Coffee,5701
Kids Sensible Foods Broccoli Littles,5700
Organic Apple Juice Boxes,5698
Ground Buffalo,5691
Classic Soda,5687
Baby Portabella Mushrooms,5671
Iced Oatmeal Cookie Kid Z Bar,5641
Original Puffins Cereal,5636
Vitamin Water Zero Squeezed Lemonade,5635
Organic Cherries,5629
Apple Cinnamon Instant Oatmeal,5615
Good Seed Organic Thin Sliced Bread,5608
All Natural Virgin Lemonade,5590
Stage 1 Apples Sweet Potatoes Pumpkin & Blueberries Organic Pureed Baby Food,5581
Flax Plus Organic Pumpkin Flax Granola,5575
Baby Spinach Salad,5571
Ataulfo Mango,5569
Organic Mixed Berry Yogurt & Fruit Snack,5563
Frosted Mini-Wheats Original Cereal,5560
Cherry Pie Fruit & Nut Bar,5541
Gallon Freezer Bags,5537
Light Sour Cream,5528
Organic Fuji Apples,5526
Organic Whole Wheat Penne Rigate,5519
Organic Fresh Squeezed Orange Juice,5518
French Vanilla Coconut Milk Creamer,5517
Caramel Cookie Crunch Gelato,5517
Organic Peeled & Cooked Beets,5512
Original Multigrain Spoonfuls Cereal,5509
Gogo Squeez Organic Apple Strawberry Applesauce on the Go,5508
Honey & Maple Turkey Breast,5504
Cultured Low Fat Buttermilk,5504
Mint Chip,5502
Original Enriched Rice Drink,5497
All Natural Apricot Sparkling Water,5497
Organic 85% Cacao Dark Chocolate Bar,5488
Organic Whole Peeled Tomatoes,5488
Large Pineapple Chunks,5485
Chicken Pot Pie,5484
Oregano,5482
100% Apple Juice,5481
Vodka,5475
Organic Coconut Water,5474
Chicken Broth,5468
Sliced Baby Bella Mushrooms,5453
Organic Russet Potato Bag,5448
Mandarins Bag,5445
